theta_id,reward_base,activity_scale,enhance_cost_base,enhance_growth,enhance_success_scale,level_cost_base,drop_D,drop_C,drop_B,drop_A,synth_cost_scale,synth_success_scale,effect_scale,spend_low,spend_mid,spend_high,spend_whale,d180_reach_d5,d180_reach_d10,d180_reach_d15,d180_reach_d20,d180_has_B,d180_has_A,d180_has_S,d180_p50,d180_p90,d180_p99,d180_p99_p50,d180_mean_bonus,d180_p99_bonus,d180_sink,d180_inflow,d180_refund,d180_sink_ratio,d180_drop7,d180_spare_total,balance_loss,balance_score,obj_growth,obj_rarity,obj_economy,obj_fun
10000153,1080.8469,0.9466886,799.6752,1.4696187,1.0947856,156.59102,0.026082655,0.012788521,0.0023653037,7.434854e-05,1.4324841,0.90201265,1.0924474,0.11602329,0.22938155,0.64735174,0.61899745,0.49743605,0.042199567,0.0,0.0,0.49490228,0.03411559,0.0,10471.012,33968.145,98517.02,9.408548,0.045274384,0.24493214,249368660.0,292186140.0,17992.188,0.85340565,0.28429657,2617.9375,0.30473742,0.7664377,-0.12036438,-0.0,-0.0034056306,-0.034296572
